{
  "tests": [
    {
      "name": "Test 1",
      "run": "octave --eval \"assert(strcmp(class(diagsn(1,3)),'uint32') &&  all(all(diagsn(1,3)==[1 2 3])))\"",
      "timeout": 1,
      "points": 1
    },
    {
      "name": "Test 2",
      "run": "octave --eval \"assert(strcmp(class(diagsn(3,1)),'uint32') &&  all(all(diagsn(3,1)==[1;2;3])))\"",      
      "timeout": 1,
      "points": 1
    },
    {
      "name": "Test 3",
      "run": "octave --eval \"assert(strcmp(class(diagsn(2,3)),'uint32') &&  all(all(diagsn(2,3)==[1 3 4;2 5 6])))\"",
      "timeout": 1,
      "points": 1
    },
    {
      "name": "Test 4",
      "run": "octave --eval \"assert(strcmp(class(diagsn(3,2)),'uint32') &&  all(all(diagsn(3,2)==[1 3;2 4;5 6])))\"",
      "timeout": 1,
      "points": 1
    },
    {
      "name": "Test 5",
      "run": "octave --eval \"assert(strcmp(class(diagsn(5)),'uint32') &&  all(all(diagsn(5)==[ 1  3  4  10 11;2  5  9  12 19;6  8  13 18 20;7  14 17 21 24;15 16 22 23 25])))\"",
      "timeout": 1,
      "points": 1
    }
    ]
}
