{
  "tests": [
    {
      "name": "Test 1",
      "run": "octave --eval \"assert(islogical(fence(1)) && all(all(fence(1)==1)))\"",
      "timeout": 1,
      "points": 1
    },
    {
      "name": "Test 2",
      "run": "octave --eval \"assert(islogical(fence(2)) && all(all(fence(2)==[1 0;1 0])))\"",
      "timeout": 1,
      "points": 1
    },
    {
      "name": "Test 3",
      "run": "octave --eval \"assert(islogical(fence(2,2)) && all(all(fence(2,2)==[1 0;1 0])))\"",
      "timeout": 1,
      "points": 1
    },
    {
      "name": "Test 4",
      "run": "octave --eval \"assert(islogical(fence(2,3)) && all(all(fence(2,3)==[1 0 1;1 0 1])))\"",
      "timeout": 1,
      "points": 1
    },
    {
      "name": "Test 5",
      "run": "octave --eval \"assert(islogical(fence(4,3)) && all(all(fence(4,3)==[1 0 1;1 0 1;1 0 1;1 0 1])))\"",
      "timeout": 1,
      "points": 1
    }
    ]
}
